Donor,"ODA, grant equivalent measure",ODA grant equivalent as percent of GNI,status,"ODA, grant equivalent measure (log)",ODA as percent of GNI (log),Europe (%),South & Central Asia (%),concentration_score,Asia-Pacific (%),MENA (%),America (%),Sub-Saharan Africa (%),poor country focus (%),Fragile states (%),Land-Locked countries (%),Small island states (%),Education (%),"Health, Water, Sanitation (%)","Government, Society and Peace (%)","Transport, Communication and Energy (%)","Banking, Finance and Business (%)","Agriculture, Forestry, Fishing (%)",Multi-Sector / Cross-Cutting (%),Humanitarian Aid (%),Experts and other technical assistance (%),Project-type interventions (%),in-donor expenditures (%),Budget support and pooled funding (%),Multilateral Organisations (%),Public Sector (%),Public-Private Partnerships (PPP) and Private Sector (%),"NGOs, civil society and research institutions (%)",earmarked-to-core-ratio,earmarked-to-core-ratio log,share of multilateral,share of cpa,"share of cpa, log"
Portugal,412.99,0.184026,DAC,2.615939535924203,0.07336123915425906,0.003942181340341656,0.0073490047208838285,-0.17609125905568127,0.286562515209033,0.027449262666082642,0.052173066627731544,0.6225239694359275,0.6161636023989775,0.5060988844033512,0.013543430134132048,0.27876893692755134,0.25939013023763857,0.05715522109394855,0.03765803259058307,0.060477279976697905,0.0025665520307313417,0.004408290977546682,0.021075198051961907,0.02681359572188862,0.009161616276696134,0.6461274051761169,0.2157696323558248,0.06756775116585327,0.10042506861412608,0.8102109001942475,0.00011104647604599044,0.08137519604998411,0.06736119332307328,0.028311408855405194,0.5590855536493107,0.6252772654717367,0.2109274604488492
Poland,829.25,0.143632,DAC,2.91868548019152,0.05828629886240015,0.6682387818353321,0.0868705924628307,-0.6989700043360187,0.08799353186902033,0.05475452544580694,0.00902843282576472,0.0931141355612451,0.07602075344010827,0.1215566806830859,0.09975971852741783,0.000729425898910152,0.5485442222582952,0.055167713178819924,0.10807701842371892,0.017179954244621105,0.0021827549538145892,0.04067472692704567,0.011020230422964647,0.15903520018775258,0.018573992899187458,0.29607799897702985,0.5873271877372422,0.0908179996101384,0.07413317605583351,0.4978827805018108,2.1059190653984503e-06,0.14651610678209237,0.031365344191204465,0.013412534207218312,0.7442549328746835,0.29787286482132025,0.11323215254851032
Lithuania,72.02,0.13292,Other,1.8574531170352664,0.05419924368050753,0.6784869976359339,0.2092198581560284,-0.6020599913279624,0.010638297872340427,0.04846335697399528,0.0035460992907801426,0.04964539007092199,0.05742821473158552,0.06890756302521008,0.07983193277310924,0.0,0.30132005824725505,0.019593664056519664,0.11603387617332676,0.07452816950522603,0.00620099672380197,0.0032393943697121,0.007470723023882887,0.1660224905659109,0.0805884718042483,0.28851713659236056,0.25811774561706813,0.2314026684323454,0.12752185846645595,0.502363289792156,0.07721068700558231,0.2756698074404703,0.02528276779773786,0.010843658131511159,0.8558733685087476,0.5372980478345184,0.1867580756853316
Sweden,6348.62,1.13891,DAC,3.802679332926918,0.33019251092697866,0.09417232432538883,0.1276850288257507,-0.6989700043360187,0.022563350187330456,0.1480279838713648,0.062486153300806924,0.5450651594893583,0.6588944589710708,0.4053623742198446,0.17340078527797623,0.0014675505197344009,0.03991657501719165,0.12031751121287582,0.2691791737606813,0.03540171342882053,0.042322106098648955,0.039007511752688226,0.10293580383634182,0.15258260992630765,0.03636481751053882,0.29163388940352586,0.053222159527276054,0.5286177649592791,0.37750606686339805,0.16811690210078256,0.03238209309156635,0.3544902200830243,0.5214455631975736,0.18225641806398846,0.6621465021245451,0.4363461983331949,0.15725912925505567
Italy,4248.38,0.223411,DAC,3.6282233556539665,0.08757238103167427,0.07966343983548178,0.11479911721924062,-0.9030899869919435,0.042120178562471786,0.3670060691177209,0.06970707729347446,0.32670411797161064,0.3702281100572235,0.2818654179228943,0.09168145629753173,0.009550894149008204,0.0971290212224479,0.1082499231075789,0.05705023704844224,0.09650940004707065,0.0035288967342806837,0.07861656384481774,0.09816553808649922,0.12351099012051436,0.025911659205666997,0.39608052734424554,0.23580150421217758,0.3022802656253614,0.2814825281137628,0.4961509758417979,0.004775833866421399,0.19649004196371286,0.15368559353297911,0.062087469480134126,0.7934411270489523,0.46464865185800885,0.1657334561851927
Austria,1273.35,0.296411,DAC,3.1049477926375917,0.11274270734862771,0.3757360261698195,0.12223012373773293,-0.7781512503836436,0.05401792063717823,0.15343478879249045,0.09807993173090601,0.19650120893187317,0.18149931443512646,0.18669154009961103,0.11046972070185318,0.029179352704105873,0.288477854529809,0.04100650450125251,0.055003595023234646,0.1194159107024197,0.061623856189327746,0.06135975336774568,0.045940864093197684,0.09799323424698192,0.04918924496425411,0.18422143309168856,0.34518825679899795,0.23084360868648066,0.21421996257057221,0.2679377872753776,0.013827651535701105,0.39735194970081456,0.21237878448967776,0.08363832800927691,0.6937254370510909,0.14221727410981397,0.057748723849978346
Greece,325.44,0.173017,DAC,2.5124709312426505,0.06930430619284622,0.9134396355353075,0.009111617312072894,-0.3010299956639812,0.0,0.05922551252847381,0.009111617312072894,0.009111617312072894,0.02505694760820046,0.004246284501061571,0.00047180938900684123,0.0,0.00030739475233042024,0.0004032698308776826,0.0,0.0,0.0,0.0,0.0,0.04964225903577792,0.0,2.688229626097574e-05,0.9484732672254534,0.051499850478285474,0.047149377241351265,0.9522223390254129,0.00022501390235821553,0.0,0.01662026841733494,0.007158764007307704,0.7518129301868239,0.0020626745677937014,0.0008948855708577487
Estonia,49.93,0.165745,Other,1.6983615660551097,0.06660356139689955,0.4984894259818731,0.22356495468277948,-0.6020599913279624,0.004028197381671702,0.1581067472306143,0.006042296072507553,0.10976837865055389,0.24195338512763598,0.2026378896882494,0.1420863309352518,0.0,0.11700971723876927,0.05362091488224386,0.23671808139588552,0.020492046475011967,0.03506257003157483,0.0014344672289691891,0.0258882614043801,0.244948166295103,0.05990501060146326,0.3524247183422517,0.09105306509779156,0.3186777559159186,0.2588410161724612,0.24774900971292316,0.06352540401183299,0.35754755014311707,0.15428571428571428,0.06231332076032935,0.7686761466052474,0.36534403246633457,0.13524209648752922
Slovenia,90.73,0.174323,DAC,1.9577509108772793,0.06978756694918366,0.9285714285714285,0.007563025210084032,-0.3010299956639812,0.0008403361344537813,0.042436974789915954,0.0042016806722689065,0.016386554621848737,0.016853932584269662,0.023113964686998396,0.20224719101123595,0.003210272873194222,0.5395579272574076,0.04578092162015768,0.10143631512428028,0.0007304913033883684,0.015514257628342729,0.005186430477260417,0.020315477360723814,0.058284751339097635,0.05577371846337073,0.07017224960747898,0.6498677290553785,0.1258010866471054,0.09911833278868956,0.8133860037192966,0.00217868545557409,0.08352061396078062,0.04939699322649926,0.02093981550648782,0.6928446771378708,0.18980186525085394,0.07547464543238072
Spain,2987.04,0.232614,DAC,3.475241038360058,0.09082709612889113,0.0608356190227408,0.02546911054029344,-0.7781512503836436,0.012669249858504941,0.17590375433555372,0.5380730549871566,0.1870492112557505,0.19276534983341267,0.2817105301253655,0.0803053552988409,0.028634297460841368,0.05864955552299567,0.11685623653067069,0.1510015872858961,0.006879208480121878,0.0243681632996532,0.05165083665623529,0.10109614291979546,0.10771884699817019,0.02981680581951029,0.475567987357052,0.2537633594729805,0.137149199450091,0.14361569523071893,0.24541491838404117,0.009173565497792562,0.6070167307219465,0.07057179224798463,0.029615796274729,0.7056147023214192,0.2381966865320208,0.09278963748759139
TÃ¼rkiye,8123.52,1.141877,Other,3.909744254034844,0.33079452730113595,0.012659629818515254,0.01355082654632935,0.0,0.001191267302352656,0.9646637921708624,0.0005833990140170306,0.007351085147923202,0.013438973291486142,0.9038104818128173,0.014410065010245774,0.00013943216251814487,0.027446998460120747,0.0033763358492369944,0.002178070285824806,0.0013067511422021883,0.0004152593993867897,0.0008347606492796065,0.04378552040777982,0.9051274910273321,0.01382695087297907,0.9780431620818708,0.0006392031647049835,2.9071982516414002e-05,0.0,0.9954311381922771,2.8270123001984065e-05,8.018595144299387e-07,0.0,0.0,0.011194654533995114,0.07278922982279654,0.03051440480252104
Malta,53.4,0.401529,Other,1.7275412570285564,0.1466020884749515,0.034934497816593885,0.02183406113537118,-0.6989700043360187,0.07423580786026202,0.7379912663755459,0.008733624454148471,0.12227074235807861,0.1565217391304348,0.04050042408821035,0.002332485156912638,0.0,0.0038167908986161308,0.0,0.0,0.0,0.0,0.0,0.0,0.0,0.0,0.1393136523620624,0.8360892507357447,0.0,0.0,0.9993958868183245,0.0,0.0,0.0,0.0,0.11685393258426967,0.0487709467769296,0.020680647952405852
Australia,2868.76,0.214038,DAC,3.457694216759245,0.08423228058769885,0.0030453324909177066,0.14709208655820566,-0.3979400086720376,0.7715052914231559,0.04399305007107882,0.001573211183067446,0.032791028273574475,0.33363130850988953,0.37129735440608896,0.040897820134112424,0.31756613984777593,0.06287270998530992,0.18208362986329718,0.15924941673361273,0.05577591019649531,0.026140554541562305,0.04988578437542996,0.16355099565319117,0.10042345072421123,0.1093759431455742,0.553903045903541,0.04802352440866303,0.20641987069829307,0.2816278018076478,0.21013027684997038,0.002644958512883239,0.22020369336112489,1.2442298248485841,0.3510673296575031,0.43011614774327583,0.6501074976831842,0.21751223762596852
Belgium,2343.58,0.478311,DAC,3.369879783102888,0.16976580846723022,0.02250929731845763,0.008253409016767795,-0.6989700043360187,0.03394336791283356,0.14575585567951982,0.08224049063743721,0.7072975794349841,0.695036881278996,0.34669841404821633,0.18450614396870615,0.010510650963051149,0.09295341455830716,0.12556411408890283,0.06214557473785933,0.03662016729738483,0.020691314670119088,0.0905317535977467,0.1313051952091243,0.1589308369414511,0.014505489990402444,0.26177243500913855,0.16237840954409316,0.4365295072465596,0.1565651614649085,0.3634090864997919,0.01190637408557909,0.4129985720881355,0.14926355632354152,0.06041963524313102,0.5840878201777313,0.19145217968523748,0.07607661611965956
Norway,4195.69,1.109092,DAC,3.6228033927095784,0.3240955243676934,0.0463176215027873,0.12926273914522757,-0.7781512503836436,0.06010364050354628,0.22011175377528852,0.07761914732131173,0.46658509775183854,0.5652469514869726,0.29817096405436305,0.14079766289851392,0.004045471865870697,0.10422733336662625,0.12476682764191611,0.1806587616141256,0.02955614292185943,0.06901896559853138,0.03504265286714727,0.1698986083151358,0.15023537402195516,0.03206208561311332,0.3007736561145044,0.019831946926392383,0.5011792137368031,0.4253622714016014,0.14138497783798415,0.026283745131624493,0.30892763980682025,1.2947880472550384,0.3607425791288715,0.5857124613332577,0.3243295841669599,0.12199608085326458
Ireland,987.79,0.305491,DAC,2.9946646252201417,0.11577388216140663,0.018753079620880554,0.030520854467986434,-0.6020599913279624,0.040955334627981795,0.10417089359728704,0.03785397524709429,0.7677458624387699,0.7757750117426022,0.5272918861959958,0.2776894338538174,0.009521984864450616,0.0772841722102586,0.16255600920068985,0.14142656658361258,0.0034212234107711716,0.0029294668024755065,0.05092001706258809,0.07462773471252103,0.236044990159216,0.01658829086815515,0.3154859441570776,0.09090093253738246,0.5008793588580404,0.2670001813061867,0.2759842493428329,0.015181531274696451,0.42458296315272526,0.30171303451828957,0.11451525361665907,0.6138855424736027,0.34580962388195224,0.12898362961669474
Czech Republic,299.14,0.126343,DAC,2.4758744893194367,0.051670664337249206,0.37402641381645785,0.1202167287504233,-0.6989700043360187,0.05333559092448358,0.22553335590924486,0.018455807653234,0.20843210294615647,0.3132423329196951,0.35447042640990367,0.262585969738652,0.005089408528198074,0.11997235993258147,0.17525586470435411,0.12638207214510405,0.005368553672414611,0.0045938125466770344,0.06160583251253643,0.03797880720925056,0.2617582388440304,0.012425813138591313,0.5704936613536287,0.15192656856087355,0.19897220864964116,0.2254198906790666,0.18938049623336975,0.08654100499216517,0.4389494576063749,0.07807807807807808,0.032650215071999285,0.8160727418599987,0.5569649522717497,0.19227883658462896
Japan,16260.25,0.311291,DAC,4.21112721855115,0.11769908045452927,0.009594954886058603,0.42484347405608214,-0.3979400086720376,0.3076463089322883,0.12273043486755389,0.043044372915865686,0.09214045434215144,0.3365192544704128,0.3611129698639255,0.08741658558885586,0.02761225008245954,0.03772775937586996,0.10638934264584901,0.015713185376786596,0.39914920381641544,0.0027321934255687616,0.04913054830298786,0.10951481626950947,0.02671790695192182,0.0059788739521951795,0.6446153189295659,0.013641829881367896,0.2367157796053673,0.1244015577500479,0.7820118093743617,0.006169416431797219,0.01694468877601573,0.510954181494662,0.17925129489776728,0.2542780915906842,0.8168979611478131,0.25933053756956065
Germany,28707.88,0.734188,DAC,4.458001122197079,0.23909617672543992,0.08280720466024905,0.159120060828206,-0.8450980400142568,0.13356028244450005,0.2570959645306787,0.10605792194241169,0.2613585655939547,0.24793830957967497,0.21312627058683964,0.08158341251658212,0.00175433240889547,0.12193219652600217,0.11897009603590622,0.13297939663347672,0.08635285446368207,0.0736055777614037,0.044839543382622825,0.1101478074935709,0.07579415242408394,0.04822567179081625,0.4014659237585809,0.20690103963283835,0.2561505703546834,0.2308442910119802,0.5044070780426199,0.018755798211256072,0.19070687302735606,0.8604862507111701,0.26962646486422687,0.37766907586193305,0.4587697844331902,0.16398675917297817
Iceland,57.9,0.2688,DAC,1.7626785637274363,0.10339316997352856,0.01712028094820018,0.03775241439859526,-0.47712125471966244,0.005267778753292362,0.14354697102721686,0.01360842844600527,0.7827041264266901,0.8373655913978494,0.28939952308692823,0.3141122913505311,0.0,0.11368907425667493,0.2780463974408575,0.10679083691845916,0.052726065160011756,0.003262892770232225,0.07131397409102784,0.0264728628342808,0.08737036827425977,0.06152377715491744,0.10452404398152113,0.21806745575956385,0.5064450221231984,0.29458040703737287,0.47494444002503095,0.02868353476104713,0.17228547281955953,1.5425170068027212,0.40526386658430996,0.5164075993091537,0.4147799570696293,0.1506888986153471
Switzerland,3562.86,0.491318,DAC,3.551798757399564,0.17357025976404428,0.11955217402405088,0.16962621594709834,-0.9030899869919435,0.0742142620062808,0.14033497587254576,0.14062859039497538,0.3556437817550489,0.46209248378269496,0.28743370194474294,0.16652338198079525,0.01345027212535099,0.05227937119107398,0.1296261365615995,0.16459986752749495,0.015828225612678923,0.04007056286121276,0.047356668848438546,0.07695641007349224,0.20431775973695962,0.022618073830408147,0.3712105501052021,0.12768592073071244,0.37496521721615983,0.2605708686480033,0.27362830463489807,0.04979329733851973,0.3863471385851438,0.837607231274109,0.2642526912075745,0.4252070255464728,0.37879286905063614,0.13949902862337163
United States,35576.31,0.16713,DAC,4.551160900753415,0.06711923234206812,0.025288430222421072,0.11149909460943663,-0.7781512503836436,0.05089925749984374,0.1809949285909322,0.09734652184804007,0.5339717672293263,0.5159490909867138,0.4600764833998956,0.1931014506905741,0.021649183207169593,0.04218084979722237,0.26962443546633513,0.12705150233975554,0.020992043893451585,0.012967586117533125,0.02914992613266335,0.027754341217050796,0.282462066254798,0.017597826208082555,0.5509432733088306,0.05046551582654354,0.289962706035142,0.22917506624204492,0.30993628311822535,0.18380588170985027,0.23530386414198395,1.2651932446904224,0.3551052577937783,0.35980598592096474,0.451167440220952,0.16171752557943886
United Kingdom,18568.19,0.698093,DAC,4.268769571412175,0.22996147170345074,0.03591509473773052,0.21687808583364981,-0.7781512503836436,0.03842849305819303,0.17349200320715702,0.058400641431404825,0.4768856817318648,0.5622656205718173,0.3192486935732689,0.11709460387203076,0.006429154113931718,0.05683457447116972,0.17744853394861604,0.10863627271657054,0.034323814972825675,0.06334801985290471,0.02812736564222159,0.12016811822446063,0.15860268042382644,0.1014593916026749,0.35401253528069887,0.07557007516354108,0.29307361961354117,0.25785908818356795,0.2832212101069907,0.11478569346952963,0.21771249303856433,0.4808734214232938,0.17051793851666913,0.5386667776666065,0.3431049686880277,0.1281099557368662
United Arab Emirates,1853.07,0.521345,Participant,3.267891825168618,0.1822277114929001,0.027066894565548245,0.08142311924887025,-0.6020599913279624,0.014499285864806012,0.15130300405066846,0.03660235547542672,0.6891053407946802,0.7155195128377785,0.7203338883953034,0.06100006916107614,0.025472556352976853,0.051523171765721736,0.04155104341085232,0.022826479739760798,0.0423753178317497,0.0,0.01573116922162067,0.005577035346814652,0.223274782002596,0.019740184573180688,0.4002191910555872,0.007837861674968446,0.5406424940645331,0.06991837904408035,0.8814052961283336,0.00016498794285559922,0.045870245116260366,5.196747967479674,0.7921638329967504,0.08005125296700065,0.6196843941332787,0.20943039772807018
Denmark,2651.54,0.719607,DAC,3.4234981830850715,0.23542920433005055,0.037908932783721316,0.12384140675260312,-0.6020599913279624,0.010293311730086492,0.21131072934785197,0.006230789392170411,0.6104148299935667,0.6826359688426277,0.37483852196683154,0.186389292988071,4.073319755600815e-05,0.06331395976302627,0.0754735656866846,0.19950850843948886,0.038877773554390586,0.017104160666440923,0.038518931958890765,0.041599168357976085,0.21442604674314122,0.023728321925703306,0.24412911704204304,0.04085162043748383,0.5924171616550453,0.3871634688394439,0.25035605736806316,0.021070766981656556,0.3014457681854807,0.7334317327722472,0.2389067426384432,0.6193193930712584,0.3773627244695473,0.139048325508428
Finland,1278.17,0.467643,DAC,3.1065886199819346,0.16662042752459422,0.056004191838244365,0.25967821477006536,-0.3010299956639812,0.028757243249907534,0.16844408827518184,0.01883244975958575,0.4682838121070152,0.7005803349361632,0.35701890583614937,0.15567631747191524,0.00255731116996986,0.10208903974576332,0.08187109976652819,0.15600971485846268,0.018983615084696384,0.144850262576391,0.04703160120733094,0.04138537657123311,0.13820908662148265,0.038404739005847705,0.25974480399918454,0.10506132991107478,0.3778523952980136,0.3087906262475099,0.23220258658165638,0.023004299051044702,0.2347001364039297,0.3460067491563555,0.12904723753581393,0.65644715083974,0.37006753753756044,0.13674197624905718
France,14124.7,0.52986,DAC,4.149979232439923,0.18465168963498987,0.03412526870868941,0.1122638939783779,-0.9030899869919435,0.1241145105631664,0.16288400602769684,0.18188320455565332,0.3847291161664162,0.23286215337013766,0.23406813964095777,0.09697059526874689,0.058621514266875806,0.11896292604473199,0.08604740739300623,0.08893480075009373,0.13360088758708133,0.041617547726416154,0.05875091759548136,0.13678898901641517,0.009496520801040197,0.0785415028347549,0.4046481318145204,0.24426389989546066,0.08485027308691723,0.06395789563739815,0.7900458972477443,0.0025205299469761976,0.07014625470101898,0.1932317688642555,0.07672480759546688,0.3543236030956852,0.6632949098720019,0.22096925846486584
Latvia,40.62,0.122527,Other,1.6087399190687879,0.050196795831252874,0.5993031358885018,0.3379790940766551,-0.17609125905568127,0.006968641114982579,0.04878048780487806,0.0034843205574912896,0.0034843205574912896,0.010638297872340424,0.02610441767068273,0.13052208835341364,0.0,0.2056537112417144,0.03703593523902254,0.30398712933160443,0.012171778559056793,0.0,0.0074399506495735806,0.00023617933790589932,0.15684720081253734,0.17378366709306223,0.15592570586423896,0.4180373770159653,0.19013470455289166,0.28824133131900953,0.30409247289868857,0.019348000697884397,0.3863588122779413,0.040112201963534364,0.017080191284575066,0.912850812407681,0.4405803865055662,0.15853749756382127
Israel,291.04,0.073074,Other,2.4639526817194084,0.030629672276773184,0.09468914506563604,0.19757446524955022,-0.7781512503836436,0.0688345438795229,0.5348837209302326,0.0688345438795229,0.03518358099553542,0.0221940815782458,0.15654621466120286,0.020985967962250093,0.0016556976696055301,0.0,0.0,0.0,0.0,0.0,0.0,0.0,0.0,0.0,1.0,0.0,0.0,0.0,0.9999873714050165,0.0,0.0,0.0,0.0,0.16990791643760308,0.621123777373277,0.2098161757232477
Canada,5051.67,0.310611,DAC,3.7034349725523312,0.11747380868287974,0.03379949500473136,0.11865486759328386,-0.8450980400142568,0.05180718881211989,0.20863151988359432,0.1571904764169112,0.4299164522893595,0.5522400138736343,0.3170835067153072,0.11228003890563851,0.019843407357862948,0.07640425537516522,0.1427636877663514,0.16483733722430297,0.054890208826888484,0.014822697729308483,0.06442862107416433,0.0671653258628737,0.1477786226949884,0.022088857931369044,0.3560330319795663,0.1653540707719088,0.36339721457361207,0.34685917889500756,0.2902753579355272,0.022018802378465173,0.28729317792011255,1.2464267814244483,0.3514922680474338,0.5123000005912041,0.23115576069189084,0.09031300153380184
Hungary,417.88,0.270823,DAC,2.6210515860335737,0.10408506630831435,0.3982309630874141,0.11686514799624449,-0.7781512503836436,0.1527400306369521,0.2340267826258833,0.037159658052082815,0.06097741760142313,0.07145327864802095,0.20971097242508743,0.14380560350551055,0.0008409684415526933,0.5070725439944626,0.1334118902050277,0.00748424876061002,0.0010641180157537004,0.0,0.06646557300808739,0.03266669908984813,0.033856374311902956,0.005254582443979033,0.4266988267556428,0.4657568278982501,0.0953475300064984,0.08253392768788573,0.5369330582391112,0.06722567765059745,0.26274395429917874,0.09716071893722324,0.04027025039604397,0.5039724322772088,0.8569650090090426,0.26880372035934863
Slovak Republic,141.2,0.137697,DAC,2.149834696715785,0.05602661289416415,0.8162055335968379,0.05303030303030303,-0.6020599913279624,0.0006587615283267456,0.03359683794466403,0.0003293807641633728,0.09617918313570487,0.07448912326961107,0.10575635876840696,0.0717536813922356,0.0,0.0642518694962053,0.08397845500677967,0.08391874465819976,0.004665172212142568,0.020630594832885995,0.01397248932710989,0.008482082611275456,0.0374201809196786,0.033244740669655576,0.2537049869654719,0.07000543016084843,0.08181040705856647,0.09935668123991885,0.7312421144853557,0.00946556292667462,0.12767518427202643,0.0357211631041787,0.015242850366108908,0.7618271954674221,0.2842182061579652,0.10863882254815507
Netherlands,5358.94,0.592349,DAC,3.7290788946038305,0.20203825948398363,0.035935939855512265,0.09102923037766508,-0.6020599913279624,0.011247724024512011,0.19386416586722008,0.012128746794056032,0.6557941930810345,0.7431234232248267,0.18296876709112692,0.10216925584733305,0.001320602194600738,0.026845895843679118,0.14557672632514734,0.2192623010398692,0.016040178058592855,0.04601489320500176,0.0691322141988271,0.06178370219443113,0.09139731010872344,0.09867149931578861,0.46375915837895143,0.15862871663205516,0.17692570886727305,0.2477899537471082,0.3302465932525524,0.09364980650534539,0.31286144613928707,0.5729340454900078,0.19671051265490463,0.4840579174823625,0.2418636174113777,0.09407390384546901
Luxembourg,452.34,1.030447,DAC,2.655464993695882,0.3075916577472828,0.023612430451893065,0.08513140634188267,-0.6989700043360187,0.13715112860180034,0.07223956212964219,0.06070475415026915,0.6211607183245126,0.7597166557927113,0.5068771640036848,0.41548870747434963,0.05168196690067024,0.12409909286330204,0.16765669603536376,0.08130187354174233,0.026008680357262906,0.0750889257085223,0.0829943885728341,0.09982176421861226,0.1940048241092223,0.0712059835877363,0.48141083985655037,0.012775969638392313,0.3648925356316768,0.192845153799929,0.44095521669923704,0.012398083830322534,0.3312818967553031,0.426129760032816,0.15415904269844632,0.45241606662618206,0.5614921373572903,0.19353980175165508
New Zealand,529.74,0.260051,DAC,2.724062767202917,0.10038812334798769,5.062906614687492e-05,0.055261625699313977,-0.47712125471966244,0.8840341239905831,0.024529782548160902,0.010252385894742172,0.025871452801053088,0.3742203742203742,0.25608546180291175,0.03751643939918322,0.41099651600101517,0.15234474076230803,0.12652878156294162,0.12262428106818037,0.06375813681312198,0.023399739849018938,0.0861261927802271,0.07292300500259553,0.0630664112956531,0.1341592661715271,0.267981525028322,0.13221306109998382,0.35286267353049683,0.18982042388460302,0.42140410217603275,0.11062647368885319,0.27162580525559515,0.8763625038928683,0.2733167456804035,0.34120511949258125,0.7396740256843173,0.24046787925440205
Korea,2250.02,0.136308,DAC,3.3521863784895998,0.05549606427146078,0.00659953278723521,0.23858957859360416,-0.47712125471966244,0.34263285981787234,0.05311952961555587,0.10773950753578812,0.25131899164994415,0.4718389462949539,0.44076811601730703,0.2358679222742218,0.018725035450309832,0.10060826185258123,0.4036594990616892,0.049810481856371866,0.13932774185076047,0.0038805530405397973,0.056086144646249364,0.04169760570802222,0.06764060544706459,0.0898412655096055,0.60585173864265,0.05095231470989027,0.19889348479616592,0.20447140683199289,0.7270501083949706,0.015998324870035826,0.036426963732115306,0.7483051867303141,0.2426172460008921,0.3596280236487183,0.8156881421959973,0.25904125731612454
Bulgaria,85.72,0.128902,Participant,1.9330821623697911,0.05265624245062999,0.7579908675799086,0.11187214611872145,-0.47712125471966244,0.022831050228310504,0.10730593607305935,0.0,0.0,0.05329949238578681,0.05863192182410423,0.1020629750271444,0.0,0.029315960912052116,0.04017372421281216,0.05537459283387622,0.0,0.023887079261672092,0.0,0.0021715526601520083,0.24429967426710095,0.0,0.47665580890336584,0.5233441910966341,0.0,0.0,0.9902280130293157,0.0,0.0,0.0,0.0,0.8925571628558097,0.47557003257328984,0.1689598265356454
"DAC Countries, Total",162200.35,0.33,Aggregate,5.2100517870077185,0.12385164096708581,0.044551242942566384,0.18409389806373075,-0.9030899869919435,0.14054140045322425,0.17778008140809914,0.09643422736023302,0.3565991497721466,0.4035244333705671,0.32823664735460795,0.1271530555909853,0.025330668188542547,0.07619812163489856,0.16124562851906798,0.11645549061570867,0.10175794637063999,0.03653979520562318,0.043758004229696154,0.08957593710213882,0.13375899154910234,0.04354744298999381,0.45693543324329644,0.11200598912543383,0.27744387306499635,0.22410721869640648,0.4336493991783202,0.07226141916853158,0.20413780947744992,0.5923327333339723,0.2020338229192739,0.43201426962179,0.4973915869495399,0.17533538872813945
Romania,308.89,0.126262,Participant,2.489803848686308,0.05163943129546041,0.8942201327433631,0.018390486725663725,-0.3010299956639812,0.0076050884955752235,0.04825774336283187,0.004424778761061949,0.027101769911504432,0.03127162031271621,0.06254980079681276,0.7334661354581673,0.004648074369189907,0.8121328020085695,0.07922302226454611,0.01729179649772104,0.003547253120633433,0.0,0.0,0.003549152277476855,0.05582178429052521,0.055821759211608174,0.03368739107239546,0.8140322859328121,0.07956483276728275,0.0794372173925054,0.8836039410560136,0.027403625424106307,0.0066469960052629225,0.025857271287298256,0.011086941083547984,0.7757777849719966,0.9048421012462868,0.2798589813767058
Croatia,76.99,0.13104,Other,1.8864343196289384,0.05347796431722375,0.9290123456790125,0.001851851851851852,-0.3010299956639812,0.0024691358024691358,0.06296296296296297,0.0024691358024691358,0.0012345679012345679,0.0013012361743656472,0.016546018614270942,0.003619441571871769,0.000517063081695967,0.12687307479245294,0.464086040146462,0.012743096767339946,0.0,0.0004931924087054872,0.0010837199802867848,0.011165512031313994,0.14273068989580842,0.0018625565366306063,0.7288150162201145,0.13138892629896934,0.12953898919962356,0.2096985857748324,0.7216404006526524,0.002969963877377962,0.06421431693778804,0.07023933402705515,0.02948090836219742,0.8015326665800753,0.6613358924496898,0.22045744791776067
Chinese Taipei,406.35,0.059217,Other,2.6089002640888497,0.024984942400519877,0.0,0.0,-0.17609125905568127,0.8028545941123995,0.0,0.19714540588760035,0.0,0.0,0.0,0.0,0.038432731017694975,0.0,0.0,0.0,0.0,0.0,0.0,0.0,0.0,0.0,0.9501534090288615,0.0,0.03478397000730914,0.03478397000730914,0.9501534090288615,0.0,0.0,0.05272354581807185,0.022314336722948743,0.6128205629780324,0.0524669974721468,0.022208486417014808
Kuwait,388.38,0.276563,Participant,2.589256857401574,0.10604225265159681,0.03328042328042328,0.07805555555555556,-0.6989700043360187,0.010410052910052911,0.7490608465608466,0.028756613756613758,0.10043650793650795,0.09452005872782826,0.12689791873141726,0.042801453584407005,0.020033036009250084,0.026871051013742694,0.22687408794200548,0.00021578021489839305,0.5874736627873773,0.006797075447861621,0.09984679329883159,0.00017493721657588164,0.048859373642676944,0.0029490559240115803,0.9955602771529038,0.0,0.0011236874554473727,0.014618569813363014,0.9682558293836117,0.0,0.017125600803025262,0.16044430731255788,0.06462430239018915,0.0476582695524355,0.9501770165311675,0.29007403383099506
Kazakhstan,37.11,0.02379,Other,1.5694909543487832,0.010210883207946967,0.0,1.0,0.0,0.0,0.0,0.0,0.0,0.0010787486515641857,0.15071215634316,0.30705531632991057,0.0,0.0004256951162301713,0.0662560492187037,0.3243064325049792,0.006247581033053056,0.0,0.0009938407382805556,0.023760578730688472,0.314349506556417,0.15421933594675905,0.1405291797769444,0.020102416613200794,0.6851490676630959,0.6877360019768155,0.3106490068234786,0.0,0.0012424996909983503,2.995670995670996,0.6015897211337677,0.746160064672595,0.046952082509674725,0.019926805100182906
Saudi Arabia,1821.15,0.25451,Participant,3.2603457181669104,0.0984741275298718,0.011513526313431593,0.1062521199864321,-0.6989700043360187,0.08428746056025241,0.5827610703291498,0.009427139666306136,0.20575868314442788,0.5110496707178926,0.45694680688598316,0.10435877046547265,0.03494072977940208,0.124004767816908,0.3052831481240992,0.025375639853689156,0.1470582367426475,0.0,0.029029249635778482,0.03015346399679574,0.13937947402183984,0.0,0.3910352463236161,0.10328516696983242,0.4423963829386417,0.3071255887822962,0.5320327938205981,0.07380178438117446,0.07040200887726913,1.5137571307006208,0.4003233155568777,0.3611079670217727,0.6556246986663389,0.21896189659710355
Azerbaijan,44.38,0.104613,Participant,1.6471872978959896,0.04321015005463484,0.1506095163193079,0.30711757766417613,-0.47712125471966244,0.01376327172630751,0.2599292174596933,0.11954384585135666,0.14903657097915848,0.19662921348314605,0.3544607990387504,0.18894562931811357,0.0435566236106939,0.0911259541698082,0.7009080613766506,0.019087421658324583,0.03163245387099036,3.8422441253168795e-05,0.06338368986294635,0.02419141789863313,0.04041692344212922,0.16546665770063293,0.32094769234132414,0.00036533419286865283,0.5132203157651745,0.4903350096727426,0.4774820181322192,0.0009544430043610805,0.02252490242606854,1.5055248618784534,0.3988987165269296,0.6131140153222172,0.2003282602208296,0.07930003113696946
Cyprus,14.83,0.057353,Other,1.171141151028382,0.024220001837673814,0.08695652173913043,0.3913043478260869,-0.3010299956639812,0.0,0.43478260869565216,0.08695652173913043,0.0,0.17391304347826086,0.022641509433962263,0.033962264150943396,0.0,0.0,0.13165200160874213,0.004299536920707575,0.0,0.0,0.0018875555646103892,0.012683558459138931,0.8357015496593496,0.0,0.09145114598310745,0.013775792590055003,0.8947730614268375,0.8604239396133361,0.08539308716519294,0.00934722595838777,0.04483574726308319,0.18719211822660098,0.07452100466165547,0.9750505731625083,0.0,0.0
Thailand,63.34,0.012986,Other,1.8016780590358932,0.005603443223299455,0.0007308605883427736,0.08167367074730496,-0.3010299956639812,0.892746208660698,0.004567878677142335,0.0021925817650283214,0.018088799561483647,0.9190423976608187,0.901699250867897,0.7522382605517998,0.02685912662159693,0.0,0.0,0.0,0.4547637837647213,0.0,0.0,0.0,0.0,0.0,1.0,0.0,0.0,0.0,0.3600157622483642,0.0,0.0,0.0,0.0,0.23390257558790595,0.9999563341960369,0.30102051365161636
Qatar,591.48,0.418424,Participant,2.771940064202349,0.1518060709990832,0.07118580939522323,0.03542995483961078,-0.6989700043360187,0.015550072163508542,0.6924903394012756,0.005074724149168955,0.1802691000512128,0.19741130459074402,0.664986987097846,0.0356793473245104,0.0017165956033002936,0.13146041095627092,0.12365605017198823,0.020829283995811812,0.029692674787785613,0.0,0.0,0.12380062192729875,0.4264693607128311,0.002651563888071571,0.6735331434743355,0.0657134478400087,0.19358391406945868,0.18326108184779746,0.47292719576738246,0.04734577056782357,0.2949318860544332,1.9971836652584993,0.4767133570144698,0.2518935551497937,0.32249077679923954,0.12139265189878222
